column_name,dtype_train,unique_including_null_train,unique_non_null_train,null_percent_train,mean_train,median_train,std_train,min_train,max_train,dtype_test,unique_including_null_test,unique_non_null_test,null_percent_test,mean_test,median_test,std_test,min_test,max_test,present_in_train,present_in_test,dtype_mismatch,unique_non_null_gap_test_minus_train,null_gap_test_minus_train,mean_gap_test_minus_train,median_gap_test_minus_train,std_gap_test_minus_train,min_gap_test_minus_train,max_gap_test_minus_train,max_null_percent,has_difference
pct_tl_nvr_dlq,float64,481,480,15.1,94.7092758009185,100.0,8.066827466788215,15.0,100.0,float64,547,547,0.0,93.92431304100023,97.4,8.87539914942094,0.0,100.0,True,True,False,67,-15.1,-0.7849627599182725,-2.5999999999999943,0.8085716826327243,-15.0,0.0,15.1,True
total_il_high_credit_limit,float64,104845,104844,15.07,37658.94783478237,28259.0,39743.883081637534,0.0,1241783.0,float64,115868,115868,0.0,43478.64568327812,32970.0,43942.71380131932,0.0,2101913.0,True,True,False,11024,-15.07,5819.697848495751,4711.0,4198.830719681784,0.0,860130.0,15.07,True
tot_hi_cred_lim,float64,225942,225941,15.07,168347.70722025397,110421.0,170109.01821227858,0.0,9999999.0,float64,237207,237207,0.0,173407.0102399696,111405.0,175672.21583103534,2500.0,9999999.0,True,True,False,11266,-15.07,5059.303019715619,984.0,5563.197618756763,2500.0,0.0,15.07,True
total_rev_hi_lim,float64,14613,14612,15.07,30379.002020145905,22800.0,37247.05741911595,0.0,9999999.0,float64,10694,10694,0.0,33657.70758617414,24600.0,37664.042341186774,0.0,9999999.0,True,True,False,-3918,-15.07,3278.705566028235,1800.0,416.98492207082745,0.0,0.0,15.07,True
tot_cur_bal,float64,220691,220690,15.07,138801.21672125268,81537.0,152114.44105840314,0.0,8000078.0,float64,230329,230329,0.0,140075.5452451347,79729.0,155269.60396495508,0.0,4447397.0,True,True,False,9639,-15.07,1274.3285238820245,-1808.0,3155.1629065519373,0.0,-3552681.0,15.07,True
avg_cur_bal,float64,55979,55978,15.07,13568.623635413222,7619.0,16167.024201362901,0.0,958084.0,float64,56003,56003,0.0,13104.784720787471,7262.0,15671.803897294632,0.0,555925.0,True,True,False,25,-15.07,-463.8389146257505,-357.0,-495.2203040682689,0.0,-402159.0,15.07,True
mo_sin_old_rev_tl_op,float64,692,691,15.07,182.8057119769703,165.0,91.13582249039399,3.0,842.0,float64,709,709,0.0,186.58669658865577,170.0,95.37493106427112,3.0,851.0,True,True,False,18,-15.07,3.780984611685483,5.0,4.239108573877132,0.0,9.0,15.07,True
num_bc_tl,float64,57,56,15.07,8.736373484574923,8.0,4.822061603994154,0.0,65.0,float64,61,61,0.0,8.137137700518885,7.0,4.8226982819815865,0.0,70.0,True,True,False,5,-15.07,-0.5992357840560381,-1.0,0.000636677987432499,0.0,5.0,15.07,True
num_il_tl,float64,86,85,15.07,8.23008199267192,6.0,7.030759396075732,0.0,150.0,float64,104,104,0.0,8.649000819292558,7.0,7.4710411899047,0.0,132.0,True,True,False,19,-15.07,0.4189188266206383,1.0,0.4402817938289676,0.0,-18.0,15.07,True
mo_sin_rcnt_tl,float64,144,143,15.07,8.378507162679824,6.0,9.150215839117562,0.0,226.0,float64,168,168,0.0,8.013203671380568,5.0,9.189311784701355,0.0,263.0,True,True,False,25,-15.07,-0.3653034912992563,-1.0,0.03909594558379226,0.0,37.0,15.07,True
num_rev_accts,float64,86,85,15.07,15.157596632416777,14.0,7.7922966355769585,0.0,105.0,float64,92,91,0.0,14.883600811220298,13.0,8.289378962670591,2.0,118.0,True,True,False,6,-15.07,-0.27399582119647903,-1.0,0.49708232709363287,2.0,13.0,15.07,True
num_op_rev_tl,float64,57,56,15.07,8.202895879154871,7.0,4.1506188666695945,0.0,62.0,float64,60,60,0.0,8.431786176515988,8.0,4.664380933323565,0.0,83.0,True,True,False,4,-15.07,0.22889029736111688,1.0,0.5137620666539702,0.0,21.0,15.07,True
total_bal_ex_mort,float64,117515,117514,10.73,46000.902963794004,34987.0,43635.76044225264,0.0,2688920.0,float64,128720,128720,0.0,52221.989479808595,39596.0,49074.93951774256,0.0,2921551.0,True,True,False,11206,-10.73,6221.086516014591,4609.0,5439.179075489919,0.0,232631.0,10.73,True
total_bc_limit,float64,12191,12190,10.73,20122.035749548955,14200.0,19646.35891463738,0.0,1090700.0,float64,5097,5097,0.0,21958.208957598643,15200.0,21840.371112201712,0.0,834300.0,True,True,False,-7093,-10.73,1836.1732080496877,1000.0,2194.0121975643306,0.0,-256400.0,10.73,True
bc_open_to_buy,float64,47224,47223,11.58,8375.857801558637,3581.0,13284.315794163722,0.0,497445.0,float64,51128,51127,0.94,9636.063991734032,4366.0,14774.166134016163,0.0,559912.0,True,True,False,3904,-10.64,1260.206190175395,785.0,1489.8503398524408,0.0,62467.0,11.58,True
bc_util,float64,1294,1293,11.64,65.60219644200664,70.4,26.315658323234143,0.0,339.6,float64,1321,1320,1.0,62.22813624456662,65.8,27.576378149942293,0.0,318.2,True,True,False,27,-10.64,-3.3740601974400235,-4.6000000000000085,1.2607198267081507,0.0,-21.400000000000034,11.64,True
tot_coll_amt,float64,6322,6321,15.07,191.91305292024717,0.0,14630.177663652596,0.0,9152545.0,float64,8350,8350,0.0,257.478241251974,0.0,2240.648162185458,0.0,496651.0,True,True,False,2029,-15.07,65.56518833172683,0.0,-12389.529501467137,0.0,-8655894.0,15.07,True
num_tl_op_past_12m,float64,27,26,15.07,1.918232069311206,2.0,1.5734159231819338,0.0,26.0,float64,28,28,0.0,2.1709471734406725,2.0,1.8538579594409748,0.0,30.0,True,True,False,2,-15.07,0.2527151041294664,0.0,0.28044203625904096,0.0,4.0,15.07,True
num_actv_rev_tl,float64,38,37,15.07,5.752466471890933,5.0,3.0539914310541123,0.0,38.0,float64,46,46,0.0,5.8608318787921965,5.0,3.439764369579597,0.0,52.0,True,True,False,9,-15.07,0.10836540690126384,0.0,0.38577293852548467,0.0,14.0,15.07,True
num_accts_ever_120_pd,float64,31,30,15.07,0.4329702962796488,0.0,1.1513959718957958,0.0,33.0,float64,35,35,0.0,0.5270544651444449,0.0,1.33279710095417,0.0,39.0,True,True,False,5,-15.07,0.09408416886479609,0.0,0.18140112905837413,0.0,6.0,15.07,True
num_rev_tl_bal_gt_0,float64,37,36,15.07,5.738744630830962,5.0,3.044354702050104,0.0,38.0,float64,43,43,0.0,5.809237820444317,5.0,3.3466977479569215,0.0,45.0,True,True,False,7,-15.07,0.07049318961335516,0.0,0.3023430459068175,0.0,7.0,15.07,True
mo_sin_rcnt_rev_tl_op,float64,216,215,15.07,13.490747708391202,8.0,16.135246997374075,0.0,372.0,float64,241,241,0.0,13.451247343236087,8.0,17.15698529797243,0.0,324.0,True,True,False,26,-15.07,-0.03950036515511535,0.0,1.0217383005983542,0.0,-48.0,15.07,True
num_actv_bc_tl,float64,29,28,15.07,3.7149144846986575,3.0,2.125682608909885,0.0,30.0,float64,31,31,0.0,3.740965815314834,3.0,2.304541547093095,0.0,32.0,True,True,False,3,-15.07,0.026051330616176482,0.0,0.1788589381832102,0.0,2.0,15.07,True
num_tl_90g_dpd_24m,float64,23,22,15.07,0.08209620439836267,0.0,0.4453972988426513,0.0,24.0,float64,25,25,0.0,0.0943183842125886,0.0,0.5227582355733954,0.0,39.0,True,True,False,3,-15.07,0.012222179814225936,0.0,0.07736093673074412,0.0,15.0,15.07,True
num_tl_30dpd,float64,6,5,15.07,0.003030218857556987,0.0,0.059295710270309804,0.0,4.0,float64,5,5,0.0,0.004041843289518992,0.0,0.0679647557324736,0.0,4.0,True,True,False,0,-15.07,0.0010116244319620048,0.0,0.008669045462163794,0.0,0.0,15.07,True
mo_sin_old_il_acct,float64,464,463,17.92,127.14002508426746,130.0,51.13602509840168,0.0,649.0,float64,476,475,2.91,127.56741862973625,130.0,52.07547096800916,0.0,724.0,True,True,False,12,-15.010000000000002,0.4273935454687887,0.0,0.939445869607475,0.0,75.0,17.92,True
num_sats,float64,63,62,12.57,11.393785090398016,11.0,5.011550855769168,0.0,84.0,float64,72,72,0.0,11.894536862228238,11.0,5.615118843634477,0.0,90.0,True,True,False,10,-12.57,0.5007517718302221,0.0,0.6035679878653086,0.0,6.0,12.57,True
num_bc_sats,float64,37,36,12.57,4.655437739301491,4.0,2.6265887879943848,0.0,35.0,float64,48,48,0.0,4.799878887186977,4.0,3.0361837150270214,0.0,63.0,True,True,False,12,-12.57,0.14444114788548568,0.0,0.40959492703263667,0.0,28.0,12.57,True
num_tl_120dpd_2m,float64,4,3,16.81,0.000763093105092873,0.0,0.028622181702757005,0.0,2.0,float64,6,5,4.57,0.0007614497405845247,0.0,0.03016912445630646,0.0,6.0,True,True,False,2,-12.239999999999998,-1.6433645083483751e-06,0.0,0.0015469427535494545,0.0,4.0,16.81,True
acc_open_past_24mths,float64,40,39,10.73,4.198555219491804,4.0,2.7868782242069274,0.0,53.0,float64,47,47,0.0,4.664999584416818,4.0,3.1953795748105325,0.0,64.0,True,True,False,8,-10.73,0.46644436492501384,0.0,0.40850135060360504,0.0,11.0,10.73,True
